id,x,y
,-122.2951285296,37.8938848366
,-122.1970462248,37.8938848366
,-122.1970462248,37.8110598425
,-122.2949700768,37.8110598425
,-122.2951285296,37.8938848366
